<?xml version="1.0" encoding="UTF-8" standalone="yes"?>
<ModMetaData>
    <name>Mod Manager</name>
    <author>Fluffy</author>
    <packageId>Fluffy.ModManager</packageId>
    <url>https://ludeon.com/forums/index.php?topic=16120</url>
    <supportedVersions>
        <li>1.0</li>
        <li>1.1</li>
        <li>1.2</li>
        <li>1.3</li>
    </supportedVersions>
    <descriptionsByVersion>
        <v1.0>Managing mods should be easy!

&amp;amp;lt;size=24&amp;amp;gt;Features&amp;amp;lt;/size&amp;amp;gt;
A cleaner, better Mod management screen.


separate lists for available and active mods
create and delete local copies of steam mods
create and load mod list backups
load mod list from save games
(mass) subscribe to steam mods
proper search filtering
drag and drop activation and reordering
keyboard navigation
mod and mod list colouring
discover other mods by your favourite author(s)

And, if supported by the mod author;


version checking
dependency checks
incompatibility checks
load order hints

&amp;amp;lt;size=24&amp;amp;gt;For Modders&amp;amp;lt;/size&amp;amp;gt;
Allows modders to create a Manifest.xml file, enabling a bunch of features that should have been in vanilla;


version checking
dependency checking
incompatibility checking
load order hints

See the documentation for details on how to implement this. It’s easy!



&amp;amp;lt;size=24&amp;amp;gt;Details&amp;amp;lt;/size&amp;amp;gt;
&amp;amp;lt;b&amp;amp;gt;local mod copies&amp;amp;lt;/b&amp;amp;gt;You can make a local copy of any steam mods (or all active steam mods at once) by clicking the corresponding button underneath the mod details (or active mods list). Doing this will make sure any updates to the steam version will not break your game in progress. Local mods are created in the RimWorld/Mods folder, and can be manually deleted, or deleted by clicking the corresponding button underneath the mod details.

&amp;amp;lt;i&amp;amp;gt;Note: You may want to occasionally delete obsolete local copies, as having many mods in the mod folder will make RimWorld take longer to start, and the Mod Manager window take longer to open.&amp;amp;lt;/i&amp;amp;gt;

&amp;amp;lt;b&amp;amp;gt;mod list backups&amp;amp;lt;/b&amp;amp;gt;You can create mod lists by clicking the mod list button underneath your active mods, and selecting ‘save current list’. You will have to choose a unique name, and the mod list will be stored in a folder next to your save games. 
To load a modlist, click the mod list button, then select the save game or mod list you want to load mods from. Any mods that couldn’t be matched to your current list of mods will be greyed out. 
To delete a mod list (only the list, not the actual mods), click the mod list button, select the list to be deleted, and then choose the delete option.

&amp;amp;lt;b&amp;amp;gt;steam subscribing&amp;amp;lt;/b&amp;amp;gt;
If a loaded modlist contains mods you do not have installed, but are available on the workshop, you can quickly install the mod by clicking the button in the mod details. You can also click the ‘subscribe to all’ button underneath the active mods list to subscribe to all missing mods.

&amp;amp;lt;b&amp;amp;gt;mod and mod list colours&amp;amp;lt;/b&amp;amp;gt;
You can set colours for individual mods by clicking the palette icon underneath the mod details. To change the colour for all mods in a mod list, click the mod list icon underneat the active mod list, select the list, then ‘change colour’.

&amp;amp;lt;b&amp;amp;gt;keyboard navigation&amp;amp;lt;/b&amp;amp;gt;Sometimes, it’s easier to navigate large lists with the keyboard.


Tab: cycles focus between search inputs and lists of mods.
Up/Down: selects the previous/next mod in the list.
Page Up/Down: selects the top/bottom mod in the list.
Left/Right: switch focus between active and available lists. 

You can also manipulate the lists;


Enter: activates/deactivates a mod, and selects the next mod in the list.
Shift+left: deactivates a mod, keeping it selected, and switching focus to the available list.
Shift+right: activates a mod, keeping it selected, and switching focus to the active list.
Shift+up/Shift+down: move an active mod up/down in the load order.
Shift+Page Up/Down: move an active mod to the top/bottom of the load order.

&amp;amp;lt;b&amp;amp;gt;mod promotions&amp;amp;lt;/b&amp;amp;gt;
When a Steam Workshop mod is selected (or a local copy of a steam workshop mod), Mod Manager will automatically look for other mods by the same author, and show you a promotion for any mods you don’t already have. These promotions let you easily discover other (new) mods by your favourite author(s), and even quickly subscribe to them!

&amp;amp;lt;i&amp;amp;gt;This function can be turned off in Mod Managers’ settings&amp;amp;lt;/i&amp;amp;gt;



&amp;amp;lt;size=24&amp;amp;gt;Contributors&amp;amp;lt;/size&amp;amp;gt;

erdelf:    invaluable help with Harmony transpilers
Brrainz:    multi-version targetting, inspiration for mod promotions
b606:    French translation
Proxyer:    Japanese translation
奔跑的梅洛斯:    Simplified Chinese translation
Zetrith:    Fix blurry mod descriptions
enescaglayan:    Turkish translation
Lex1975:    Russian translation
Torq:    Russian translation
Patrick Schmitt:    German translation

&amp;amp;lt;size=24&amp;amp;gt;Version&amp;amp;lt;/size&amp;amp;gt;
This is version 1.36.877, for RimWorld 1.0.2408.

</v1.0>
        <v1.1>Managing mods should be easy!

&amp;amp;lt;size=24&amp;amp;gt;Features&amp;amp;lt;/size&amp;amp;gt;
A cleaner, better Mod management screen.


separate lists for available and active mods
create and delete local copies of steam mods
create and load mod list backups
load mod list from save games
(mass) subscribe to steam mods
proper search filtering
drag and drop activation and reordering
keyboard navigation
mod and mod list colouring
discover other mods by your favourite author(s)

And, if supported by the mod author;


version checking
dependency checks
incompatibility checks
load order hints

&amp;amp;lt;size=24&amp;amp;gt;For Modders&amp;amp;lt;/size&amp;amp;gt;
Allows modders to create a Manifest.xml file, enabling a bunch of features that should have been in vanilla;


version checking
dependency checking
incompatibility checking
load order hints

See the documentation for details on how to implement this. It’s easy!



&amp;amp;lt;size=24&amp;amp;gt;Details&amp;amp;lt;/size&amp;amp;gt;
&amp;amp;lt;b&amp;amp;gt;local mod copies&amp;amp;lt;/b&amp;amp;gt;You can make a local copy of any steam mods (or all active steam mods at once) by clicking the corresponding button underneath the mod details (or active mods list). Doing this will make sure any updates to the steam version will not break your game in progress. Local mods are created in the RimWorld/Mods folder, and can be manually deleted, or deleted by clicking the corresponding button underneath the mod details.

&amp;amp;lt;i&amp;amp;gt;Note: You may want to occasionally delete obsolete local copies, as having many mods in the mod folder will make RimWorld take longer to start, and the Mod Manager window take longer to open.&amp;amp;lt;/i&amp;amp;gt;

&amp;amp;lt;b&amp;amp;gt;mod list backups&amp;amp;lt;/b&amp;amp;gt;You can create mod lists by clicking the mod list button underneath your active mods, and selecting ‘save current list’. You will have to choose a unique name, and the mod list will be stored in a folder next to your save games. 
To load a modlist, click the mod list button, then select the save game or mod list you want to load mods from. Any mods that couldn’t be matched to your current list of mods will be greyed out. 
To delete a mod list (only the list, not the actual mods), click the mod list button, select the list to be deleted, and then choose the delete option.

&amp;amp;lt;b&amp;amp;gt;steam subscribing&amp;amp;lt;/b&amp;amp;gt;
If a loaded modlist contains mods you do not have installed, but are available on the workshop, you can quickly install the mod by clicking the button in the mod details. You can also click the ‘subscribe to all’ button underneath the active mods list to subscribe to all missing mods.

&amp;amp;lt;b&amp;amp;gt;mod and mod list colours&amp;amp;lt;/b&amp;amp;gt;
You can set colours for individual mods by clicking the palette icon underneath the mod details. To change the colour for all mods in a mod list, click the mod list icon underneat the active mod list, select the list, then ‘change colour’.

&amp;amp;lt;b&amp;amp;gt;keyboard navigation&amp;amp;lt;/b&amp;amp;gt;Sometimes, it’s easier to navigate large lists with the keyboard.


Tab: cycles focus between search inputs and lists of mods.
Up/Down: selects the previous/next mod in the list.
Page Up/Down: selects the top/bottom mod in the list.
Left/Right: switch focus between active and available lists. 

You can also manipulate the lists;


Enter: activates/deactivates a mod, and selects the next mod in the list.
Shift+left: deactivates a mod, keeping it selected, and switching focus to the available list.
Shift+right: activates a mod, keeping it selected, and switching focus to the active list.
Shift+up/Shift+down: move an active mod up/down in the load order.
Shift+Page Up/Down: move an active mod to the top/bottom of the load order.

&amp;amp;lt;b&amp;amp;gt;mod promotions&amp;amp;lt;/b&amp;amp;gt;
When a Steam Workshop mod is selected (or a local copy of a steam workshop mod), Mod Manager will automatically look for other mods by the same author, and show you a promotion for any mods you don’t already have. These promotions let you easily discover other (new) mods by your favourite author(s), and even quickly subscribe to them!

&amp;amp;lt;i&amp;amp;gt;This function can be turned off in Mod Managers’ settings&amp;amp;lt;/i&amp;amp;gt;



&amp;amp;lt;size=24&amp;amp;gt;Contributors&amp;amp;lt;/size&amp;amp;gt;

erdelf:    invaluable help with Harmony transpilers
Brrainz:    multi-version targetting, inspiration for mod promotions
b606:    French translation
Proxyer:    Japanese translation, with frequent updates
奔跑的梅洛斯:    Simplified Chinese translation
Zetrith:    Fix blurry mod descriptions
enescaglayan:    Turkish translation
Lex1975:    Russian translation
Torq:    Russian translation
Patrick Schmitt:    German translation
Han Yaodong:    Updates to Chinese translations
Michaël Marinetti:    Updates to French translation

&amp;amp;lt;size=24&amp;amp;gt;Version&amp;amp;lt;/size&amp;amp;gt;
This is version 2.11.901, for RimWorld 1.1.2654.

</v1.1>
        <v1.2>Managing mods should be easy!

&amp;amp;lt;size=24&amp;amp;gt;Features&amp;amp;lt;/size&amp;amp;gt;
A cleaner, better Mod management screen.


separate lists for available and active mods
create and delete local copies of steam mods
create and load mod list backups
load mod list from save games
(mass) subscribe to steam mods
proper search filtering
drag and drop activation and reordering
keyboard navigation
mod and mod list colouring
discover other mods by your favourite author(s)

And, if supported by the mod author;


version checking
dependency checks
incompatibility checks
load order hints

&amp;amp;lt;size=24&amp;amp;gt;For Modders&amp;amp;lt;/size&amp;amp;gt;
Allows modders to create a Manifest.xml file, enabling a bunch of features that should have been in vanilla;


version checking
dependency checking
incompatibility checking
load order hints

See the documentation for details on how to implement this. It’s easy!



&amp;amp;lt;size=24&amp;amp;gt;Details&amp;amp;lt;/size&amp;amp;gt;
&amp;amp;lt;b&amp;amp;gt;local mod copies&amp;amp;lt;/b&amp;amp;gt;You can make a local copy of any steam mods (or all active steam mods at once) by clicking the corresponding button underneath the mod details (or active mods list). Doing this will make sure any updates to the steam version will not break your game in progress. Local mods are created in the RimWorld/Mods folder, and can be manually deleted, or deleted by clicking the corresponding button underneath the mod details.

&amp;amp;lt;i&amp;amp;gt;Note: You may want to occasionally delete obsolete local copies, as having many mods in the mod folder will make RimWorld take longer to start, and the Mod Manager window take longer to open.&amp;amp;lt;/i&amp;amp;gt;

&amp;amp;lt;b&amp;amp;gt;mod list backups&amp;amp;lt;/b&amp;amp;gt;You can create mod lists by clicking the mod list button underneath your active mods, and selecting ‘save current list’. You will have to choose a unique name, and the mod list will be stored in a folder next to your save games. 
To load a modlist, click the mod list button, then select the save game or mod list you want to load mods from. Any mods that couldn’t be matched to your current list of mods will be greyed out. 
To delete a mod list (only the list, not the actual mods), click the mod list button, select the list to be deleted, and then choose the delete option.

&amp;amp;lt;b&amp;amp;gt;steam subscribing&amp;amp;lt;/b&amp;amp;gt;
If a loaded modlist contains mods you do not have installed, but are available on the workshop, you can quickly install the mod by clicking the button in the mod details. You can also click the ‘subscribe to all’ button underneath the active mods list to subscribe to all missing mods.

&amp;amp;lt;b&amp;amp;gt;mod and mod list colours&amp;amp;lt;/b&amp;amp;gt;
You can set colours for individual mods by clicking the palette icon underneath the mod details. To change the colour for all mods in a mod list, click the mod list icon underneat the active mod list, select the list, then ‘change colour’.

&amp;amp;lt;b&amp;amp;gt;keyboard navigation&amp;amp;lt;/b&amp;amp;gt;Sometimes, it’s easier to navigate large lists with the keyboard.


Tab: cycles focus between search inputs and lists of mods.
Up/Down: selects the previous/next mod in the list.
Page Up/Down: selects the top/bottom mod in the list.
Left/Right: switch focus between active and available lists. 

You can also manipulate the lists;


Enter: activates/deactivates a mod, and selects the next mod in the list.
Shift+left: deactivates a mod, keeping it selected, and switching focus to the available list.
Shift+right: activates a mod, keeping it selected, and switching focus to the active list.
Shift+up/Shift+down: move an active mod up/down in the load order.
Shift+Page Up/Down: move an active mod to the top/bottom of the load order.

&amp;amp;lt;b&amp;amp;gt;mod promotions&amp;amp;lt;/b&amp;amp;gt;
When a Steam Workshop mod is selected (or a local copy of a steam workshop mod), Mod Manager will automatically look for other mods by the same author, and show you a promotion for any mods you don’t already have. These promotions let you easily discover other (new) mods by your favourite author(s), and even quickly subscribe to them!

&amp;amp;lt;i&amp;amp;gt;This function can be turned off in Mod Managers’ settings&amp;amp;lt;/i&amp;amp;gt;



&amp;amp;lt;size=24&amp;amp;gt;Contributors&amp;amp;lt;/size&amp;amp;gt;

erdelf:    invaluable help with Harmony transpilers
Brrainz:    multi-version targetting, inspiration for mod promotions
b606:    French translation
Proxyer:    Japanese translation, with frequent updates
奔跑的梅洛斯:    Simplified Chinese translation
Zetrith:    Fix blurry mod descriptions
enescaglayan:    Turkish translation
Lex1975:    Russian translation
Torq:    Russian translation
Patrick Schmitt:    German translation
Han Yaodong:    Updates to Chinese translations
Michaël Marinetti:    Updates to French translation
shadowtouch:    better filename sanitizing code
Mohas:    fix nullref in online manifests

&amp;amp;lt;size=24&amp;amp;gt;Version&amp;amp;lt;/size&amp;amp;gt;
This is version 3.8.1062, for RimWorld 1.2.2753.

</v1.2>
        <v1.3>Juggle your mods like a pro!

&amp;amp;lt;size=28&amp;amp;gt;Features&amp;amp;lt;/size&amp;amp;gt;

A cleaner, better Mod management screen.

- separate lists for available and active mods
- create and delete local copies of steam mods
- create and load mod list backups
- load mod list from save games
- (mass) subscribe to steam mods
- proper search filtering
- drag and drop activation and reordering
- keyboard navigation
- mod and mod list colouring
- discover other mods by your favourite author(s)

And, if supported by the mod author;

- version checking
- dependency checks
- incompatibility checks
- load order hints

&amp;amp;lt;size=28&amp;amp;gt;For Modders&amp;amp;lt;/size&amp;amp;gt;

Allows modders to create a Manifest.xml file, enabling a bunch of features that should have been in vanilla;

- version checking
- dependency checking
- incompatibility checking
- load order hints

See &amp;amp;lt;b&amp;amp;gt;the documentation&amp;amp;lt;/b&amp;amp;gt; for details on how to implement this. It's easy!

&amp;amp;lt;size=28&amp;amp;gt;Details&amp;amp;lt;/size&amp;amp;gt;

&amp;amp;lt;b&amp;amp;gt;local mod copies&amp;amp;lt;/b&amp;amp;gt;You can make a local copy of any steam mods (or all active steam mods at once) by clicking the corresponding button underneath the mod details (or active mods list). Doing this will make sure any updates to the steam version will not break your game in progress. Local mods are created in the RimWorld/Mods folder, and can be manually deleted, or deleted by clicking the corresponding button underneath the mod details.

&amp;amp;lt;i&amp;amp;gt;Note: You may want to occasionally delete obsolete local copies, as having many mods in the mod folder will make RimWorld take longer to start, and the Mod Manager window take longer to open.&amp;amp;lt;/i&amp;amp;gt;

&amp;amp;lt;b&amp;amp;gt;mod list backups&amp;amp;lt;/b&amp;amp;gt;You can create mod lists by clicking the mod list button underneath your active mods, and selecting 'save current list'. You will have to choose a unique name, and the mod list will be stored in a folder next to your save games.
To load a modlist, click the mod list button, then select the save game or mod list you want to load mods from. Any mods that couldn't be matched to your current list of mods will be greyed out.
To delete a mod list (only the list, not the actual mods), click the mod list button, select the list to be deleted, and then choose the delete option.

&amp;amp;lt;b&amp;amp;gt;steam subscribing&amp;amp;lt;/b&amp;amp;gt;
If a loaded modlist contains mods you do not have installed, but are available on the workshop, you can quickly install the mod by clicking the button in the mod details. You can also click the 'subscribe to all' button underneath the active mods list to subscribe to all missing mods.

&amp;amp;lt;b&amp;amp;gt;mod and mod list colours&amp;amp;lt;/b&amp;amp;gt;
You can set colours for individual mods by clicking the palette icon underneath the mod details. To change the colour for all mods in a mod list, click the mod list icon underneat the active mod list, select the list, then 'change colour'.

&amp;amp;lt;b&amp;amp;gt;keyboard navigation&amp;amp;lt;/b&amp;amp;gt;Sometimes, it's easier to navigate large lists with the keyboard.

- Tab: cycles focus between search inputs and lists of mods.
- Up/Down: selects the previous/next mod in the list.
- Page Up/Down: selects the top/bottom mod in the list.
- Left/Right: switch focus between active and available lists.

You can also manipulate the lists;

- Enter: activates/deactivates a mod, and selects the next mod in the list.
- Shift+left: deactivates a mod, keeping it selected, and switching focus to the available list.
- Shift+right: activates a mod, keeping it selected, and switching focus to the active list.
- Shift+up/Shift+down: move an active mod up/down in the load order.
- Shift+Page Up/Down: move an active mod to the top/bottom of the load order.

&amp;amp;lt;b&amp;amp;gt;mod promotions&amp;amp;lt;/b&amp;amp;gt;
When a Steam Workshop mod is selected (or a local copy of a steam workshop mod), Mod Manager will automatically look for other mods by the same author, and show you a promotion for any mods you don't already have. These promotions let you easily discover other (new) mods by your favourite author(s), and even quickly subscribe to them!

&amp;amp;lt;i&amp;amp;gt;This function can be turned off in Mod Managers' settings&amp;amp;lt;/i&amp;amp;gt;</v1.3>
    </descriptionsByVersion>
    <description>Managing mods should be easy!

&amp;amp;lt;size=24&amp;amp;gt;Features&amp;amp;lt;/size&amp;amp;gt;
A cleaner, better Mod management screen.


separate lists for available and active mods
create and delete local copies of steam mods
create and load mod list backups
load mod list from save games
(mass) subscribe to steam mods
proper search filtering
drag and drop activation and reordering
keyboard navigation
mod and mod list colouring
discover other mods by your favourite author(s)

And, if supported by the mod author;


version checking
dependency checks
incompatibility checks
load order hints

&amp;amp;lt;size=24&amp;amp;gt;For Modders&amp;amp;lt;/size&amp;amp;gt;
Allows modders to create a Manifest.xml file, enabling a bunch of features that should have been in vanilla;


version checking
dependency checking
incompatibility checking
load order hints

See the documentation for details on how to implement this. It’s easy!



&amp;amp;lt;size=24&amp;amp;gt;Details&amp;amp;lt;/size&amp;amp;gt;
&amp;amp;lt;b&amp;amp;gt;local mod copies&amp;amp;lt;/b&amp;amp;gt;You can make a local copy of any steam mods (or all active steam mods at once) by clicking the corresponding button underneath the mod details (or active mods list). Doing this will make sure any updates to the steam version will not break your game in progress. Local mods are created in the RimWorld/Mods folder, and can be manually deleted, or deleted by clicking the corresponding button underneath the mod details.

&amp;amp;lt;i&amp;amp;gt;Note: You may want to occasionally delete obsolete local copies, as having many mods in the mod folder will make RimWorld take longer to start, and the Mod Manager window take longer to open.&amp;amp;lt;/i&amp;amp;gt;

&amp;amp;lt;b&amp;amp;gt;mod list backups&amp;amp;lt;/b&amp;amp;gt;You can create mod lists by clicking the mod list button underneath your active mods, and selecting ‘save current list’. You will have to choose a unique name, and the mod list will be stored in a folder next to your save games. 
To load a modlist, click the mod list button, then select the save game or mod list you want to load mods from. Any mods that couldn’t be matched to your current list of mods will be greyed out. 
To delete a mod list (only the list, not the actual mods), click the mod list button, select the list to be deleted, and then choose the delete option.

&amp;amp;lt;b&amp;amp;gt;steam subscribing&amp;amp;lt;/b&amp;amp;gt;
If a loaded modlist contains mods you do not have installed, but are available on the workshop, you can quickly install the mod by clicking the button in the mod details. You can also click the ‘subscribe to all’ button underneath the active mods list to subscribe to all missing mods.

&amp;amp;lt;b&amp;amp;gt;mod and mod list colours&amp;amp;lt;/b&amp;amp;gt;
You can set colours for individual mods by clicking the palette icon underneath the mod details. To change the colour for all mods in a mod list, click the mod list icon underneat the active mod list, select the list, then ‘change colour’.

&amp;amp;lt;b&amp;amp;gt;keyboard navigation&amp;amp;lt;/b&amp;amp;gt;Sometimes, it’s easier to navigate large lists with the keyboard.


Tab: cycles focus between search inputs and lists of mods.
Up/Down: selects the previous/next mod in the list.
Page Up/Down: selects the top/bottom mod in the list.
Left/Right: switch focus between active and available lists. 

You can also manipulate the lists;


Enter: activates/deactivates a mod, and selects the next mod in the list.
Shift+left: deactivates a mod, keeping it selected, and switching focus to the available list.
Shift+right: activates a mod, keeping it selected, and switching focus to the active list.
Shift+up/Shift+down: move an active mod up/down in the load order.
Shift+Page Up/Down: move an active mod to the top/bottom of the load order.

&amp;amp;lt;b&amp;amp;gt;mod promotions&amp;amp;lt;/b&amp;amp;gt;
When a Steam Workshop mod is selected (or a local copy of a steam workshop mod), Mod Manager will automatically look for other mods by the same author, and show you a promotion for any mods you don’t already have. These promotions let you easily discover other (new) mods by your favourite author(s), and even quickly subscribe to them!

&amp;amp;lt;i&amp;amp;gt;This function can be turned off in Mod Managers’ settings&amp;amp;lt;/i&amp;amp;gt;



&amp;amp;lt;size=24&amp;amp;gt;Contributors&amp;amp;lt;/size&amp;amp;gt;

erdelf:    invaluable help with Harmony transpilers
Brrainz:    multi-version targetting, inspiration for mod promotions
b606:    French translation
Proxyer:    Japanese translation
奔跑的梅洛斯:    Simplified Chinese translation
Zetrith:    Fix blurry mod descriptions
enescaglayan:    Turkish translation
Lex1975:    Russian translation
Torq:    Russian translation
Patrick Schmitt:    German translation

&amp;amp;lt;size=24&amp;amp;gt;Version&amp;amp;lt;/size&amp;amp;gt;
This is version 1.36.877, for RimWorld 1.0.2408.

</description>
    <modDependenciesByVersion>
        <v1.1>
            <li>
                <packageId>brrainz.harmony</packageId>
                <displayName>Harmony</displayName>
                <steamWorkshopUrl>steam://url/CommunityFilePage/2009463077</steamWorkshopUrl>
                <downloadUrl>https://github.com/pardeike/HarmonyRimWorld/releases/latest</downloadUrl>
            </li>
        </v1.1>
        <v1.2>
            <li>
                <packageId>brrainz.harmony</packageId>
                <displayName>Harmony</displayName>
                <steamWorkshopUrl>steam://url/CommunityFilePage/2009463077</steamWorkshopUrl>
                <downloadUrl>https://github.com/pardeike/HarmonyRimWorld/releases/latest</downloadUrl>
            </li>
        </v1.2>
        <v1.3>
            <li>
                <packageId>brrainz.harmony</packageId>
                <displayName>Harmony</displayName>
                <steamWorkshopUrl>steam://url/CommunityFilePage/2009463077</steamWorkshopUrl>
                <downloadUrl>https://github.com/pardeike/HarmonyRimWorld/releases/latest</downloadUrl>
            </li>
        </v1.3>
    </modDependenciesByVersion>
    <loadAfterByVersion>
        <v1.1>
            <li>brrainz.harmony</li>
        </v1.1>
        <v1.2>
            <li>brrainz.harmony</li>
        </v1.2>
        <v1.3>
            <li>brrainz.harmony</li>
        </v1.3>
    </loadAfterByVersion>
</ModMetaData>